,Team,Player,First,Last
0,North Carolina (Darkside),Thomas Harley,Thomas,Harley
1,North Carolina (Darkside),Alex Fiordalisi,Alex,Fiordalisi
2,North Carolina (Darkside),Elijah Danley,Elijah,Danley
3,North Carolina (Darkside),Aaron Wei,Aaron,Wei
4,North Carolina (Darkside),Samuel Redinbo,Samuel,Redinbo
5,North Carolina (Darkside),Andrew Li,Andrew,Li
6,North Carolina (Darkside),Dylan Hawkins,Dylan,Hawkins
7,North Carolina (Darkside),Eli Fried,Eli,Fried
8,North Carolina (Darkside),Clell Hamm,Clell,Hamm
9,North Carolina (Darkside),Ben Dameron,Ben,Dameron
10,North Carolina (Darkside),Luke Duan,Luke,Duan
11,North Carolina (Darkside),Max Goetz,Max,Goetz
12,North Carolina (Darkside),Jack McCleary,Jack,McCleary
13,North Carolina (Darkside),Bodhi Harmony,Bodhi,Harmony
14,North Carolina (Darkside),Rutledge Smith,Rutledge,Smith
15,North Carolina (Darkside),Brian Trowbridge,Brian,Trowbridge
16,North Carolina (Darkside),Jake Schwartz,Jake,Schwartz
17,North Carolina (Darkside),Frederick Huang,Frederick,Huang
18,North Carolina (Darkside),Josh Singleton,Josh,Singleton
19,North Carolina (Darkside),Lucien Noël,Lucien,Noël
20,North Carolina (Darkside),Jayden Feagans,Jayden,Feagans
21,North Carolina (Darkside),Jason Manning,Jason,Manning
22,North Carolina (Darkside),Hayden Naylor,Hayden,Naylor
23,North Carolina (Darkside),Matthew McKnight,Matthew,McKnight
24,North Carolina (Darkside),Kevin Pignone,Kevin,Pignone
25,North Carolina (Darkside),Bailey Roberts,Bailey,Roberts
26,North Carolina (Darkside),Daniel Zhu,Daniel,Zhu
27,North Carolina (Darkside),John McDonnell,John,McDonnell
28,North Carolina (Darkside),Dov Bearman,Dov,Bearman
29,North Carolina (Darkside),Henry Chen,Henry,Chen
30,North Carolina (Darkside),Noah Bush,Noah,Bush
31,Massachusetts (Zoodisc),Isaac Kaplan,Isaac,Kaplan
32,Massachusetts (Zoodisc),Andrew Zhu,Andrew,Zhu
33,Massachusetts (Zoodisc),Bryan Dole,Bryan,Dole
34,Massachusetts (Zoodisc),Leo Narbonne,Leo,Narbonne
35,Massachusetts (Zoodisc),Griffin Yas,Griffin,Yas
36,Massachusetts (Zoodisc),Daniel Kang,Daniel,Kang
37,Massachusetts (Zoodisc),Asa Thomson,Asa,Thomson
38,Massachusetts (Zoodisc),Jaden Busch,Jaden,Busch
39,Massachusetts (Zoodisc),Jae Lee,Jae,Lee
40,Massachusetts (Zoodisc),Wyatt Kellman,Wyatt,Kellman
41,Massachusetts (Zoodisc),Jonah Stang-Osborne,Jonah,Stang-Osborne
42,Massachusetts (Zoodisc),Sam Green,Sam,Green
43,Massachusetts (Zoodisc),Griffin Gee,Griffin,Gee
44,Massachusetts (Zoodisc),Charlie Leightheiser,Charlie,Leightheiser
45,Massachusetts (Zoodisc),Arthur Aucoin,Arthur,Aucoin
46,Massachusetts (Zoodisc),Lyle Berkley,Lyle,Berkley
47,Massachusetts (Zoodisc),Nima Lhamo,Nima,Lhamo
48,Massachusetts (Zoodisc),Christopher Streilein,Christopher,Streilein
49,Massachusetts (Zoodisc),Carter Hawkins,Carter,Hawkins
50,Massachusetts (Zoodisc),Noel Sierra,Noel,Sierra
51,Massachusetts (Zoodisc),Aidan O'Neill,Aidan,O'Neill
52,Massachusetts (Zoodisc),Alberto Morales-Fernandez,Alberto,Morales-Fernandez
53,Massachusetts (Zoodisc),Caelan McSweeney,Caelan,McSweeney
54,Massachusetts (Zoodisc),Will Christian,Will,Christian
55,Massachusetts (Zoodisc),Gavin Abrahamsson,Gavin,Abrahamsson
56,Massachusetts (Zoodisc),Luca  Harwood,Luca,
57,Massachusetts (Zoodisc),Tobias Paperno,Tobias,Paperno
58,Cal Poly-SLO (SLOCORE),Joseph Thachet,Joseph,Thachet
59,Cal Poly-SLO (SLOCORE),Charles Camilli,Charles,Camilli
60,Cal Poly-SLO (SLOCORE),Alex Yannelli,Alex,Yannelli
61,Cal Poly-SLO (SLOCORE),Keaton Orser,Keaton,Orser
62,Cal Poly-SLO (SLOCORE),James Whealan,James,Whealan
63,Cal Poly-SLO (SLOCORE),Max Gade,Max,Gade
64,Cal Poly-SLO (SLOCORE),Jamieson Rear,Jamieson,Rear
65,Cal Poly-SLO (SLOCORE),Dodger Middlebrook,Dodger,Middlebrook
66,Cal Poly-SLO (SLOCORE),Bailey Prochaska,Bailey,Prochaska
67,Cal Poly-SLO (SLOCORE),Rafael Castillo,Rafael,Castillo
68,Cal Poly-SLO (SLOCORE),Anton Orme,Anton,Orme
69,Cal Poly-SLO (SLOCORE),Garrett Bush,Garrett,Bush
70,Cal Poly-SLO (SLOCORE),Sander Fogarty,Sander,Fogarty
71,Cal Poly-SLO (SLOCORE),Wyatt Colburn,Wyatt,Colburn
72,Cal Poly-SLO (SLOCORE),Seamus Robinson,Seamus,Robinson
73,Cal Poly-SLO (SLOCORE),Leo Lauritzen,Leo,Lauritzen
74,Cal Poly-SLO (SLOCORE),Zach Riley,Zach,Riley
75,Cal Poly-SLO (SLOCORE),Alex Nelson,Alex,Nelson
76,Cal Poly-SLO (SLOCORE),Kyle Lew,Kyle,Lew
77,Cal Poly-SLO (SLOCORE),Emmet Holton,Emmet,Holton
78,Cal Poly-SLO (SLOCORE),Carson Crouch,Carson,Crouch
79,Cal Poly-SLO (SLOCORE),Calvin Brown,Calvin,Brown
80,Cal Poly-SLO (SLOCORE),Alex Herman,Alex,Herman
81,Cal Poly-SLO (SLOCORE),Martin  Doherty,Martin,
82,Colorado (Mamabird),Rishi Assar,Rishi,Assar
83,Colorado (Mamabird),Benjamin Harris,Benjamin,Harris
84,Colorado (Mamabird),Axel Hartzog,Axel,Hartzog
85,Colorado (Mamabird),Geoffrey Tucker Kalmus,Geoffrey,Tucker
86,Colorado (Mamabird),Dexter Luecke,Dexter,Luecke
87,Colorado (Mamabird),Benton Shevlin,Benton,Shevlin
88,Colorado (Mamabird),Max Van Sickle,Max,Van
89,Colorado (Mamabird),Aylen Learned,Aylen,Learned
90,Colorado (Mamabird),Atkin Arnstein,Atkin,Arnstein
91,Colorado (Mamabird),Blake Musfeldt,Blake,Musfeldt
92,Colorado (Mamabird),Calvin Stoughton,Calvin,Stoughton
93,Colorado (Mamabird),Gaurav Prasad,Gaurav,Prasad
94,Colorado (Mamabird),Seth Wells,Seth,Wells
95,Colorado (Mamabird),Daniel Landesman,Daniel,Landesman
96,Colorado (Mamabird),Ryan Shigley,Ryan,Shigley
97,Colorado (Mamabird),Zeke Thoreson,Zeke,Thoreson
98,Colorado (Mamabird),Levi Tapper,Levi,Tapper
99,Colorado (Mamabird),Daniel Williams,Daniel,Williams
100,Colorado (Mamabird),Nathan Buchholz,Nathan,Buchholz
101,Colorado (Mamabird),Carter Halstrom,Carter,Halstrom
102,Colorado (Mamabird),J Calvin Rice-Slothower,J,Calvin
103,Colorado (Mamabird),Conor Tabor,Conor,Tabor
104,Colorado (Mamabird),Ethan Burgess,Ethan,Burgess
105,Colorado (Mamabird),Nanda Min-Fink,Nanda,Min-Fink
106,Colorado (Mamabird),Andrew Swanson,Andrew,Swanson
107,Colorado (Mamabird),Daniel Bauman,Daniel,Bauman
108,Colorado (Mamabird),Walt Johnson,Walt,Johnson
109,Colorado (Mamabird),Joseph Michaud,Joseph,Michaud
110,Vermont (Chill),Erik Arnold,Erik,Arnold
111,Vermont (Chill),Owen Doherty,Owen,Doherty
112,Vermont (Chill),Chase Drinkwater,Chase,Drinkwater
113,Vermont (Chill),Cale Ellingson,Cale,Ellingson
114,Vermont (Chill),Max Hemeon,Max,Hemeon
115,Vermont (Chill),Jovan Strange,Jovan,Strange
116,Vermont (Chill),Benjamin Weinstein,Benjamin,Weinstein
117,Vermont (Chill),Forrest Williams,Forrest,Williams
118,Vermont (Chill),Kuochuan Ponzio,Kuochuan,Ponzio
119,Vermont (Chill),Nico Gabby,Nico,Gabby
120,Vermont (Chill),Benjamin Payson,Benjamin,Payson
121,Vermont (Chill),Gabriele Kautz,Gabriele,Kautz
122,Vermont (Chill),Turner Allen,Turner,Allen
123,Vermont (Chill),Eli Standard,Eli,Standard
124,Vermont (Chill),True Hanson,True,Hanson
125,Vermont (Chill),Gabriel Smestad,Gabriel,Smestad
126,Vermont (Chill),James Cairn,James,Cairn
127,Vermont (Chill),Grant Goodale,Grant,Goodale
128,Vermont (Chill),Moses Delane,Moses,Delane
129,Vermont (Chill),Casey Thornton,Casey,Thornton
130,Vermont (Chill),Christopher Kiepert,Christopher,Kiepert
131,Vermont (Chill),Beorn Morrow-Caron,Beorn,Morrow-Caron
132,Vermont (Chill),Luca Stuccio,Luca,Stuccio
133,Vermont (Chill),Zachary Watson-Stevens,Zachary,Watson-Stevens
134,Vermont (Chill),Kristof Rohaly-Medved,Kristof,Rohaly-Medved
135,Vermont (Chill),Nico Christakos,Nico,Christakos
136,Vermont (Chill),Leo Sarandos,Leo,Sarandos
137,Vermont (Chill),John Sickles,John,Sickles
138,Vermont (Chill),Carl Crawford,Carl,Crawford
139,Vermont (Chill),Parker Lin-Butler,Parker,Lin-Butler
140,Vermont (Chill),Ryan Bliss,Ryan,Bliss
141,Vermont (Chill),Carter Lawless,Carter,Lawless
142,Vermont (Chill),Jack Rice,Jack,Rice
143,Vermont (Chill),Declan Kervick,Declan,Kervick
144,Oregon (Ego),Jack Gleason,Jack,Gleason
145,Oregon (Ego),Keali Mccarter,Keali,Mccarter
146,Oregon (Ego),Daniel Ritthaler,Daniel,Ritthaler
147,Oregon (Ego),Itay Chang,Itay,Chang
148,Oregon (Ego),Jackson Knox,Jackson,Knox
149,Oregon (Ego),Adam Wulkan,Adam,Wulkan
150,Oregon (Ego),Marcus Beidler,Marcus,Beidler
151,Oregon (Ego),Benjamin Keigwin,Benjamin,Keigwin
152,Oregon (Ego),Nicholas Cao,Nicholas,Cao
153,Oregon (Ego),Chander Boyd-Fliegel,Chander,Boyd-Fliegel
154,Oregon (Ego),Max Arquilevich,Max,Arquilevich
155,Oregon (Ego),Marco Muralles,Marco,Muralles
156,Oregon (Ego),Julian Saunt,Julian,Saunt
157,Oregon (Ego),Mica Glass,Mica,Glass
158,Oregon (Ego),Mason  Weybright,Mason,
159,Oregon (Ego),Max Massey,Max,Massey
160,Oregon (Ego),Adam McNichols,Adam,McNichols
161,Oregon (Ego),Gabriel Nobis,Gabriel,Nobis
162,Oregon (Ego),Beckett Sessums,Beckett,Sessums
163,Oregon (Ego),Ben Horrisberger,Ben,Horrisberger
164,Oregon (Ego),Aaron Kaplan,Aaron,Kaplan
165,Oregon (Ego),Jackson Heglie,Jackson,Heglie
166,Oregon (Ego),Emmett Warner,Emmett,Warner
167,Brown (Brownian Motion),Andy Burris,Andy,Burris
168,Brown (Brownian Motion),Cameron Curney,Cameron,Curney
169,Brown (Brownian Motion),Luca Duclos-Orsello,Luca,Duclos-Orsello
170,Brown (Brownian Motion),Andrew Hardy,Andrew,Hardy
171,Brown (Brownian Motion),Devan Hernandez,Devan,Hernandez
172,Brown (Brownian Motion),Ryan Hsi,Ryan,Hsi
173,Brown (Brownian Motion),Ian Layzer,Ian,Layzer
174,Brown (Brownian Motion),Matias Lee,Matias,Lee
175,Brown (Brownian Motion),Adrian Lin,Adrian,Lin
176,Brown (Brownian Motion),Zach Merrill,Zach,Merrill
177,Brown (Brownian Motion),William Steinfeld,William,Steinfeld
178,Brown (Brownian Motion),Camilo Tamayo-Rousseau,Camilo,Tamayo-Rousseau
179,Brown (Brownian Motion),Morgann Thain,Morgann,Thain
180,Brown (Brownian Motion),Noah Urrutia,Noah,Urrutia
181,Brown (Brownian Motion),Siddharth Yende,Siddharth,Yende
182,Brown (Brownian Motion),Emmett Young,Emmett,Young
183,Brown (Brownian Motion),Cal Nightingale,Cal,Nightingale
184,Brown (Brownian Motion),Jason Tapper,Jason,Tapper
185,Brown (Brownian Motion),Amrik Eadara,Amrik,Eadara
186,Brown (Brownian Motion),Riley Frey,Riley,Frey
187,Brown (Brownian Motion),Zachary Kaufman,Zachary,Kaufman
188,Brown (Brownian Motion),Martin Trouilloud,Martin,Trouilloud
189,Brown (Brownian Motion),Jacques Nissen,Jacques,Nissen
190,Brown (Brownian Motion),Elliott Rosenberg,Elliott,Rosenberg
191,Brown (Brownian Motion),Oscar Low,Oscar,Low
192,Brown (Brownian Motion),Caleb Moran,Caleb,Moran
193,Brown (Brownian Motion),Oliver Kahn,Oliver,Kahn
194,Brown (Brownian Motion),Patrick Connor,Patrick,Connor
195,Brown (Brownian Motion),Leo Gordon,Leo,Gordon
196,Brown (Brownian Motion),Eli Chang,Eli,Chang
197,Brown (Brownian Motion),Noah Ball-Burack,Noah,Ball-Burack
198,Brown (Brownian Motion),Henry Egan,Henry,Egan
199,Pittsburgh (En Sabah Nur),Morey Averill,Morey,Averill
200,Pittsburgh (En Sabah Nur),Henry Everett,Henry,Everett
201,Pittsburgh (En Sabah Nur),Fletcher Hayden,Fletcher,Hayden
202,Pittsburgh (En Sabah Nur),Scott Heyman,Scott,Heyman
203,Pittsburgh (En Sabah Nur),Peter Kotz,Peter,Kotz
204,Pittsburgh (En Sabah Nur),Aiden Landis,Aiden,Landis
205,Pittsburgh (En Sabah Nur),William Litchholt,William,Litchholt
206,Pittsburgh (En Sabah Nur),Maxwell Olesen,Maxwell,Olesen
207,Pittsburgh (En Sabah Nur),Adam Ricci,Adam,Ricci
208,Pittsburgh (En Sabah Nur),Will Roper,Will,Roper
209,Pittsburgh (En Sabah Nur),Dylan Staples,Dylan,Staples
210,Pittsburgh (En Sabah Nur),Jay Suggs,Jay,Suggs
211,Pittsburgh (En Sabah Nur),Michael Sun,Michael,Sun
212,Pittsburgh (En Sabah Nur),Aaron Toh,Aaron,Toh
213,Pittsburgh (En Sabah Nur),Reid Duncan,Reid,Duncan
214,Pittsburgh (En Sabah Nur),Timothy  Chango Gasset ,Timothy,
215,Pittsburgh (En Sabah Nur),Kevin Tsui,Kevin,Tsui
216,Pittsburgh (En Sabah Nur),Dillon Garrett,Dillon,Garrett
217,Pittsburgh (En Sabah Nur),Roger Zeng,Roger,Zeng
218,Pittsburgh (En Sabah Nur),Henry Ing,Henry,Ing
219,Pittsburgh (En Sabah Nur),Harry McNamara,Harry,McNamara
220,Pittsburgh (En Sabah Nur),Tristan Yarter,Tristan,Yarter
221,Pittsburgh (En Sabah Nur),Marcel Oliart,Marcel,Oliart
222,Pittsburgh (En Sabah Nur),Nicky Troilo,Nicky,Troilo
223,Pittsburgh (En Sabah Nur),William McGlynn,William,McGlynn
224,California-Santa Cruz (Slugs),Devin Acuna,Devin,Acuna
225,California-Santa Cruz (Slugs),Noah Chang-Linenberg,Noah,Chang-Linenberg
226,California-Santa Cruz (Slugs),Andrew Grosso,Andrew,Grosso
227,California-Santa Cruz (Slugs),Liam Jay,Liam,Jay
228,California-Santa Cruz (Slugs),Selim Jones,Selim,Jones
229,California-Santa Cruz (Slugs),Ethan Kleinman,Ethan,Kleinman
230,California-Santa Cruz (Slugs),Milan Moslehi,Milan,Moslehi
231,California-Santa Cruz (Slugs),Ethan Rogers,Ethan,Rogers
232,California-Santa Cruz (Slugs),Blake Sanchez,Blake,Sanchez
233,California-Santa Cruz (Slugs),William Snyder,William,Snyder
234,California-Santa Cruz (Slugs),William Walby,William,Walby
235,California-Santa Cruz (Slugs),Toby Warren,Toby,Warren
236,California-Santa Cruz (Slugs),Kien Warren,Kien,Warren
237,California-Santa Cruz (Slugs),Gang Xu,Gang,Xu
238,California-Santa Cruz (Slugs),Charlie Jia,Charlie,Jia
239,California-Santa Cruz (Slugs),Xaul  Starr,Xaul,
240,California-Santa Cruz (Slugs),Louis Loduha,Louis,Loduha
241,California-Santa Cruz (Slugs),Ryan Liu,Ryan,Liu
242,California-Santa Cruz (Slugs),Dylan Burns,Dylan,Burns
243,California-Santa Cruz (Slugs),Davin Sieu,Davin,Sieu
244,California-Santa Cruz (Slugs),Benjamin Pratt,Benjamin,Pratt
245,California-Santa Cruz (Slugs),Aaron Mercado,Aaron,Mercado
246,California-Santa Cruz (Slugs),Zack Renick,Zack,Renick
247,California-Santa Cruz (Slugs),Samuel Kaplan,Samuel,Kaplan
248,California-Santa Cruz (Slugs),Aidin Terris,Aidin,Terris
249,California-Santa Cruz (Slugs),Tyler Weng,Tyler,Weng
250,California-Santa Cruz (Slugs),Aidan Curry,Aidan,Curry
251,California-Santa Cruz (Slugs),Mario Ambrose,Mario,Ambrose
252,Texas (TUFF),Colton Anderson,Colton,Anderson
253,Texas (TUFF),Saif Ansari,Saif,Ansari
254,Texas (TUFF),Gavin Babbitt,Gavin,Babbitt
255,Texas (TUFF),Talon Balcom,Talon,Balcom
256,Texas (TUFF),Luke Knight,Luke,Knight
257,Texas (TUFF),Elliot Lee,Elliot,Lee
258,Texas (TUFF),Peter Ngo,Peter,Ngo
259,Texas (TUFF),Kaushal Patel,Kaushal,Patel
260,Texas (TUFF),Noah Powell,Noah,Powell
261,Texas (TUFF),Oliver Powers,Oliver,Powers
262,Texas (TUFF),Rushil Randhar,Rushil,Randhar
263,Texas (TUFF),Ryan Reinhart,Ryan,Reinhart
264,Texas (TUFF),Zachary Slayton,Zachary,Slayton
265,Texas (TUFF),Michael Stinger,Michael,Stinger
266,Texas (TUFF),Kellen Watts,Kellen,Watts
267,Texas (TUFF),Jake Worthington,Jake,Worthington
268,Texas (TUFF),Kolbe Bauer,Kolbe,Bauer
269,Texas (TUFF),Alexander Janelle,Alexander,Janelle
270,Texas (TUFF),Saaketh Palchuru,Saaketh,Palchuru
271,Texas (TUFF),Xavier Fuzat,Xavier,Fuzat
272,Texas (TUFF),Owen Smith,Owen,Smith
273,Texas (TUFF),Cade White,Cade,White
274,Texas (TUFF),Soh Nishiyama,Soh,Nishiyama
275,Texas (TUFF),Brandon Lemens,Brandon,Lemens
276,Texas (TUFF),Steven Nguyen,Steven,Nguyen
277,Texas (TUFF),Ben Thollander,Ben,Thollander
278,Texas (TUFF),John Clyde,John,Clyde
279,Texas (TUFF),Aaron Barcio,Aaron,Barcio
280,Texas (TUFF),Huy Nguyen,Huy,Nguyen
281,Texas (TUFF),Matt Chambers,Matt,Chambers
282,Texas (TUFF),Aly Hirani,Aly,Hirani
283,Texas (TUFF),Sharan Sethi,Sharan,Sethi
284,Carleton College (CUT),Robert Breyer,Robert,Breyer
285,Carleton College (CUT),Jonah Barry,Jonah,Barry
286,Carleton College (CUT),Will Troop,Will,Troop
287,Carleton College (CUT),Tim Jensen,Tim,Jensen
288,Carleton College (CUT),Anders Shenholm,Anders,Shenholm
289,Carleton College (CUT),Fin Fuhrmann,Fin,Fuhrmann
290,Carleton College (CUT),Cullen Baker,Cullen,Baker
291,Carleton College (CUT),Sam McCarty,Sam,McCarty
292,Carleton College (CUT),Mauricio Badillo Moorman,Mauricio,Badillo
293,Carleton College (CUT),Nathan Parker,Nathan,Parker
294,Carleton College (CUT),George Lefkowicz,George,Lefkowicz
295,Carleton College (CUT),Benjamin Scott-Lewis,Benjamin,Scott-Lewis
296,Carleton College (CUT),Sawyer  Blair,Sawyer,
297,Carleton College (CUT),Jace Dean,Jace,Dean
298,Carleton College (CUT),Declan Miller,Declan,Miller
299,Carleton College (CUT),Bobby Eleveld,Bobby,Eleveld
300,Carleton College (CUT),Adam Rothman,Adam,Rothman
301,Carleton College (CUT),Daniel Chen,Daniel,Chen
302,Carleton College (CUT),Conor Babcock O'Neill,Conor,Babcock
303,Carleton College (CUT),Nathan Kallin,Nathan,Kallin
304,Carleton College (CUT),Quinn Lander,Quinn,Lander
305,Carleton College (CUT),Colin Brown,Colin,Brown
306,Carleton College (CUT),Michael Dreger,Michael,Dreger
307,Carleton College (CUT),Leo Jordan,Leo,Jordan
308,Carleton College (CUT),Leo Xiao,Leo,Xiao
309,Carleton College (CUT),Dexter  Pakula,Dexter,
310,Carleton College (CUT),Will Fleming,Will,Fleming
311,Carleton College (CUT),Clay Haddock,Clay,Haddock
312,Minnesota (Grey Duck),Nathaniel Astrom,Nathaniel,Astrom
313,Minnesota (Grey Duck),Drew Bonnabeau,Drew,Bonnabeau
314,Minnesota (Grey Duck),Sebastian Brauer,Sebastian,Brauer
315,Minnesota (Grey Duck),Maximilian Dewberry,Maximilian,Dewberry
316,Minnesota (Grey Duck),Levi Dohman,Levi,Dohman
317,Minnesota (Grey Duck),Austin Gin,Austin,Gin
318,Minnesota (Grey Duck),Kenji Her,Kenji,Her
319,Minnesota (Grey Duck),Theo Mahaffey,Theo,Mahaffey
320,Minnesota (Grey Duck),Jacob Markus,Jacob,Markus
321,Minnesota (Grey Duck),Jedidiah Pratt,Jedidiah,Pratt
322,Minnesota (Grey Duck),Alex Tsvetkov,Alex,Tsvetkov
323,Minnesota (Grey Duck),Gunnar  Mikko,Gunnar,
324,Minnesota (Grey Duck),Owen Gin,Owen,Gin
325,Minnesota (Grey Duck),Wyatt Crow,Wyatt,Crow
326,Minnesota (Grey Duck),Anthony Jirele,Anthony,Jirele
327,Minnesota (Grey Duck),Ian Mccosky,Ian,Mccosky
328,Minnesota (Grey Duck),Max  Dehlin,Max,
329,Minnesota (Grey Duck),Peter Helgeson,Peter,Helgeson
330,Minnesota (Grey Duck),Paul Liang,Paul,Liang
331,Minnesota (Grey Duck),Austin King,Austin,King
332,Minnesota (Grey Duck),Jaxson Baty,Jaxson,Baty
333,Minnesota (Grey Duck),Paul Krenik,Paul,Krenik
334,Minnesota (Grey Duck),Owen Schigiel,Owen,Schigiel
335,Minnesota (Grey Duck),Jack Walters-Medaris,Jack,Walters-Medaris
336,Minnesota (Grey Duck),John Helgeson,John,Helgeson
337,Minnesota (Grey Duck),Evan Ellis,Evan,Ellis
338,UCLA (Smaug),Matthew Barcellos,Matthew,Barcellos
339,UCLA (Smaug),Loic Billaut,Loic,Billaut
340,UCLA (Smaug),Nathaniel Dudley,Nathaniel,Dudley
341,UCLA (Smaug),Cameron Gray,Cameron,Gray
342,UCLA (Smaug),Sam Hirschhorn,Sam,Hirschhorn
343,UCLA (Smaug),Zack  Hirschhorn,Zack,
344,UCLA (Smaug),Jackson Jewett,Jackson,Jewett
345,UCLA (Smaug),Daniel Lin,Daniel,Lin
346,UCLA (Smaug),Akhil Nori,Akhil,Nori
347,UCLA (Smaug),Varun Patro,Varun,Patro
348,UCLA (Smaug),Alan Ramsey,Alan,Ramsey
349,UCLA (Smaug),Zachary Rosen,Zachary,Rosen
350,UCLA (Smaug),Meelan Shari,Meelan,Shari
351,UCLA (Smaug),Jacob Snodgress,Jacob,Snodgress
352,UCLA (Smaug),Luca Spycher,Luca,Spycher
353,UCLA (Smaug),Michael Tao,Michael,Tao
354,UCLA (Smaug),Ben Uribe,Ben,Uribe
355,UCLA (Smaug),Brandon Van Deusen,Brandon,Van
356,UCLA (Smaug),Calvin Wicks,Calvin,Wicks
357,UCLA (Smaug),Changhe Xie,Changhe,Xie
358,UCLA (Smaug),Louis Gosart,Louis,Gosart
359,UCLA (Smaug),Luca Adams,Luca,Adams
360,UCLA (Smaug),Bryan  Cloutier,Bryan,
361,UCLA (Smaug),Calvin Bird,Calvin,Bird
362,UCLA (Smaug),Devon Stuart,Devon,Stuart
363,UCLA (Smaug),Marshall Wildmann,Marshall,Wildmann
364,UCLA (Smaug),Riley Kirkman-Davis,Riley,Kirkman-Davis
365,UCLA (Smaug),Ian Tsai,Ian,Tsai
366,Georgia (Jojah),Adam Bell,Adam,Bell
367,Georgia (Jojah),Zach Brennan,Zach,Brennan
368,Georgia (Jojah),Cole Chanler,Cole,Chanler
369,Georgia (Jojah),Matthew Davidorf,Matthew,Davidorf
370,Georgia (Jojah),Sam Hobbs,Sam,Hobbs
371,Georgia (Jojah),Cole Krucke,Cole,Krucke
372,Georgia (Jojah),Jack Krugler,Jack,Krugler
373,Georgia (Jojah),Carter Neuman,Carter,Neuman
374,Georgia (Jojah),Jacob Peach,Jacob,Peach
375,Georgia (Jojah),Sam Rose,Sam,Rose
376,Georgia (Jojah),Isaac Huntington,Isaac,Huntington
377,Georgia (Jojah),Jacob Croskey,Jacob,Croskey
378,Georgia (Jojah),Sam Merritt,Sam,Merritt
379,Georgia (Jojah),Aidan Downey,Aidan,Downey
380,Georgia (Jojah),Jack Stephenson,Jack,Stephenson
381,Georgia (Jojah),Jeremy Sanders,Jeremy,Sanders
382,Georgia (Jojah),Jake Powell,Jake,Powell
383,Georgia (Jojah),Ryan Flick,Ryan,Flick
384,Georgia (Jojah),Kofi Reeves-Miller,Kofi,Reeves-Miller
385,Georgia (Jojah),Adam Goldstein,Adam,Goldstein
386,Georgia (Jojah),Adam Miller,Adam,Miller
387,Georgia (Jojah),Scott Whitley,Scott,Whitley
388,Georgia (Jojah),Carter Rathur,Carter,Rathur
389,Georgia (Jojah),Nicolas Lutz,Nicolas,Lutz
390,Georgia (Jojah),Owen Mork,Owen,Mork
391,Georgia (Jojah),William Randall,William,Randall
392,Georgia (Jojah),Luke Cranor,Luke,Cranor
393,Georgia (Jojah),Matthew Fazzalaro,Matthew,Fazzalaro
394,British Columbia (Thunderbirds),Hiro Yamaguchi,Hiro,Yamaguchi
395,British Columbia (Thunderbirds),Karim Jamal,Karim,Jamal
396,British Columbia (Thunderbirds),Edward Ross-Zhu,Edward,Ross-Zhu
397,British Columbia (Thunderbirds),Erez Kassirer,Erez,Kassirer
398,British Columbia (Thunderbirds),James Lehmann,James,Lehmann
399,British Columbia (Thunderbirds),Matthew Wood,Matthew,Wood
400,British Columbia (Thunderbirds),Filip Kragl,Filip,Kragl
401,British Columbia (Thunderbirds),Devon Bringeland-Powell,Devon,Bringeland-Powell
402,British Columbia (Thunderbirds),Justin Podnar,Justin,Podnar
403,British Columbia (Thunderbirds),Kevin Tong,Kevin,Tong
404,British Columbia (Thunderbirds),Davis Toth,Davis,Toth
405,British Columbia (Thunderbirds),Justin Luna,Justin,Luna
406,British Columbia (Thunderbirds),Jesse Watt,Jesse,Watt
407,British Columbia (Thunderbirds),Nicholas Cheng,Nicholas,Cheng
408,British Columbia (Thunderbirds),Wesley Choi,Wesley,Choi
409,British Columbia (Thunderbirds),Bryn McColl,Bryn,McColl
410,British Columbia (Thunderbirds),Zephaniah Ko,Zephaniah,Ko
411,British Columbia (Thunderbirds),Graeme Hanks,Graeme,Hanks
412,British Columbia (Thunderbirds),Jacob Mundo,Jacob,Mundo
413,British Columbia (Thunderbirds),Victor Tiet,Victor,Tiet
414,British Columbia (Thunderbirds),Wesley  Wong,Wesley,
415,British Columbia (Thunderbirds),Angus Chan,Angus,Chan
416,British Columbia (Thunderbirds),Josiah Crawford,Josiah,Crawford
417,British Columbia (Thunderbirds),Ryan Graves,Ryan,Graves
418,British Columbia (Thunderbirds),Nathan Roorda,Nathan,Roorda
419,British Columbia (Thunderbirds),Yu Chi Lin,Yu,Chi
420,British Columbia (Thunderbirds),Nicolas Sanchez,Nicolas,Sanchez
421,British Columbia (Thunderbirds),Colin Wu,Colin,Wu
422,British Columbia (Thunderbirds),Abeer Lamba,Abeer,Lamba
423,California (Ursa Major),Lawson Graham,Lawson,Graham
424,California (Ursa Major),Ridge Huang,Ridge,Huang
425,California (Ursa Major),Carter Lankford,Carter,Lankford
426,California (Ursa Major),Gavin May,Gavin,May
427,California (Ursa Major),Aditya  Vunnum,Aditya,
428,California (Ursa Major),Renzo Soatto,Renzo,Soatto
429,California (Ursa Major),Samuel Laur,Samuel,Laur
430,California (Ursa Major),Robert McCabe,Robert,McCabe
431,California (Ursa Major),Kushal Khangaonkar,Kushal,Khangaonkar
432,California (Ursa Major),Drew Palmer,Drew,Palmer
433,California (Ursa Major),Evan Kandell,Evan,Kandell
434,California (Ursa Major),Emery Goulet,Emery,Goulet
435,California (Ursa Major),Dexter Clyburn,Dexter,Clyburn
436,California (Ursa Major),Owen Zuidema,Owen,Zuidema
437,California (Ursa Major),Donovan Mierlak,Donovan,Mierlak
438,California (Ursa Major),Vincent Su,Vincent,Su
439,California (Ursa Major),Lucas Intagliata,Lucas,Intagliata
440,California (Ursa Major),Gabriel Gatewood-Wolfe,Gabriel,Gatewood-Wolfe
441,California (Ursa Major),Camden Mah,Camden,Mah
442,California (Ursa Major),Eric Johnson,Eric,Johnson
443,California (Ursa Major),Vikram Deepak,Vikram,Deepak
444,Tufts (Elephant Men),Lev Barnett,Lev,Barnett
445,Tufts (Elephant Men),Elias Benghiat,Elias,Benghiat
446,Tufts (Elephant Men),Nate Brophy,Nate,Brophy
447,Tufts (Elephant Men),Zachary Burpee,Zachary,Burpee
448,Tufts (Elephant Men),Liam Campbell,Liam,Campbell
449,Tufts (Elephant Men),Ethan Cardi,Ethan,Cardi
450,Tufts (Elephant Men),William Chesney,William,Chesney
451,Tufts (Elephant Men),Ryan Cohen,Ryan,Cohen
452,Tufts (Elephant Men),Silas Grossman,Silas,Grossman
453,Tufts (Elephant Men),Ryan Kadet,Ryan,Kadet
454,Tufts (Elephant Men),Ian Knightly,Ian,Knightly
455,Tufts (Elephant Men),ELIAS LEGGAT-BARR,ELIAS,LEGGAT-BARR
456,Tufts (Elephant Men),Tucker Livingston,Tucker,Livingston
457,Tufts (Elephant Men),Eliav Malone,Eliav,Malone
458,Tufts (Elephant Men),Toshihiro Nagase,Toshihiro,Nagase
459,Tufts (Elephant Men),Dylan Prudente,Dylan,Prudente
460,Tufts (Elephant Men),Zak Rizvi,Zak,Rizvi
461,Tufts (Elephant Men),Joe Rosenberg,Joe,Rosenberg
462,Tufts (Elephant Men),Matthew Shapiro,Matthew,Shapiro
463,Tufts (Elephant Men),Michael Shriver,Michael,Shriver
464,Tufts (Elephant Men),Nayan Talwalkar,Nayan,Talwalkar
465,Tufts (Elephant Men),Wilson Wu,Wilson,Wu
466,Tufts (Elephant Men),Samson Bienstock,Samson,Bienstock
467,Tufts (Elephant Men),Rohin Gast,Rohin,Gast
468,Tufts (Elephant Men),Colin Mclaughlin,Colin,Mclaughlin
469,Tufts (Elephant Men),Sachin Zachariah,Sachin,Zachariah
470,Tufts (Elephant Men),Zach Singer,Zach,Singer
471,Tufts (Elephant Men),Oscar Graff,Oscar,Graff
472,Tufts (Elephant Men),Shiv Khanna,Shiv,Khanna
473,Tufts (Elephant Men),Talyx Hochstein,Talyx,Hochstein
474,Tufts (Elephant Men),Roman Short,Roman,Short
475,Tufts (Elephant Men),Benjamin Kass-Mullet,Benjamin,Kass-Mullet
476,Washington (Sundodgers),Elijah Espinola,Elijah,Espinola
477,Washington (Sundodgers),Landon Grassy,Landon,Grassy
478,Washington (Sundodgers),Vivek Shah,Vivek,Shah
479,Washington (Sundodgers),Andrei (Andy) Stanciu,Andrei,(Andy)
480,Washington (Sundodgers),Isaac Woldemariam,Isaac,Woldemariam
481,Washington (Sundodgers),David Ng,David,Ng
482,Washington (Sundodgers),Jordan Smith,Jordan,Smith
483,Washington (Sundodgers),Isaac Tan,Isaac,Tan
484,Washington (Sundodgers),Alexander Kabat,Alexander,Kabat
485,Washington (Sundodgers),Martin Le,Martin,Le
486,Washington (Sundodgers),Max Ramstad,Max,Ramstad
487,Washington (Sundodgers),Luke Horris,Luke,Horris
488,Washington (Sundodgers),Kevin Tellez,Kevin,Tellez
489,Washington (Sundodgers),Tony Venneri,Tony,Venneri
490,Washington (Sundodgers),Jasper Dean,Jasper,Dean
491,Washington (Sundodgers),Nicholas Yin,Nicholas,Yin
492,Washington (Sundodgers),Assaf Golan,Assaf,Golan
493,Washington (Sundodgers),Ryan Liao,Ryan,Liao
494,Washington (Sundodgers),Keishin Lam,Keishin,Lam
495,Washington (Sundodgers),Davis Wright,Davis,Wright
496,Washington (Sundodgers),Thomas Axtell,Thomas,Axtell
497,Washington (Sundodgers),Grayson Hoffman,Grayson,Hoffman
498,Washington (Sundodgers),Souma Yabuki,Souma,Yabuki
499,Washington (Sundodgers),Leonardo Kruse,Leonardo,Kruse
500,Washington (Sundodgers),Akash Shrestha,Akash,Shrestha
501,Washington (Sundodgers),Delano Muongchan,Delano,Muongchan
502,Washington (Sundodgers),Dana Baker,Dana,Baker
503,Washington (Sundodgers),Soren Dahl,Soren,Dahl
504,Washington (Sundodgers),Chackgarin Brown,Chackgarin,Brown
505,Washington (Sundodgers),Griffin Lo,Griffin,Lo
506,Utah State (Scotsmen),Elijah Huber,Elijah,Huber
507,Utah State (Scotsmen),Bryson McNair,Bryson,McNair
508,Utah State (Scotsmen),Samuel Huntzinger,Samuel,Huntzinger
509,Utah State (Scotsmen),Tucker Jewkes,Tucker,Jewkes
510,Utah State (Scotsmen),Conrad Anhder,Conrad,Anhder
511,Utah State (Scotsmen),Scott Jackson,Scott,Jackson
512,Utah State (Scotsmen),DJ Sorensen,DJ,Sorensen
513,Utah State (Scotsmen),Zachary Mulkey,Zachary,Mulkey
514,Utah State (Scotsmen),Landon Lloyd,Landon,Lloyd
515,Utah State (Scotsmen),Weston Zwahlen,Weston,Zwahlen
516,Utah State (Scotsmen),Boston Musgrave,Boston,Musgrave
517,Utah State (Scotsmen),Jackson Egbert,Jackson,Egbert
518,Utah State (Scotsmen),Ashton McMahon,Ashton,McMahon
519,Utah State (Scotsmen),Benjamin Hoffman,Benjamin,Hoffman
520,Utah State (Scotsmen),Ryan Beck,Ryan,Beck
521,Utah State (Scotsmen),Anthony Mounga,Anthony,Mounga
522,Utah State (Scotsmen),Jonny Hoffman,Jonny,Hoffman
523,Utah State (Scotsmen),Henry Nguyen,Henry,Nguyen
524,Utah State (Scotsmen),Easton  Guanuna,Easton,
525,Utah State (Scotsmen),Nathan Taylor,Nathan,Taylor
526,Utah State (Scotsmen),Seth Wilcox,Seth,Wilcox
527,Utah State (Scotsmen),Josephus Colver,Josephus,Colver
528,Utah State (Scotsmen),Alan Poulsen,Alan,Poulsen
529,Utah State (Scotsmen),Calvin Clark,Calvin,Clark
530,Utah State (Scotsmen),Ethan Black,Ethan,Black
531,Utah State (Scotsmen),Logan Thueson,Logan,Thueson
532,Utah State (Scotsmen),Jake Osborne,Jake,Osborne
533,Utah State (Scotsmen),Jaren Newswander,Jaren,Newswander
534,Utah State (Scotsmen),Brock Hyatt,Brock,Hyatt
535,North Carolina State (NC State Alpha),Henry Kennedy,Henry,Kennedy
536,North Carolina State (NC State Alpha),Nicholas  Khot,Nicholas,
537,North Carolina State (NC State Alpha),Suhas Madiraju,Suhas,Madiraju
538,North Carolina State (NC State Alpha),Tommaso Piccorossi,Tommaso,Piccorossi
539,North Carolina State (NC State Alpha),Nico Field,Nico,Field
540,North Carolina State (NC State Alpha),Henri Lessard,Henri,Lessard
541,North Carolina State (NC State Alpha),Jacob Green ,Jacob,Green
542,North Carolina State (NC State Alpha),Alexander Tayyeb,Alexander,Tayyeb
543,North Carolina State (NC State Alpha),Rishi Rajesh  Jeswani,Rishi,Rajesh
544,North Carolina State (NC State Alpha),Townsend Dierauf,Townsend,Dierauf
545,North Carolina State (NC State Alpha),Hiatt von Alten,Hiatt,von
546,North Carolina State (NC State Alpha),Srikara Prithvi,Srikara,Prithvi
547,North Carolina State (NC State Alpha),Matti Lee,Matti,Lee
548,North Carolina State (NC State Alpha),Seiji Kakefuda,Seiji,Kakefuda
549,North Carolina State (NC State Alpha),John Laney,John,Laney
550,North Carolina State (NC State Alpha),Sebastian Boccieri,Sebastian,Boccieri
551,North Carolina State (NC State Alpha),Justin-Cooper Williams,Justin-Cooper,Williams
552,North Carolina State (NC State Alpha),Brennan Kramling,Brennan,Kramling
553,North Carolina State (NC State Alpha),John Bradley,John,Bradley
554,North Carolina State (NC State Alpha),Christopher Nelson,Christopher,Nelson
555,North Carolina State (NC State Alpha),Allen MacMillan,Allen,MacMillan
556,North Carolina State (NC State Alpha),Leonardo Tapia,Leonardo,Tapia
557,North Carolina State (NC State Alpha),Sean Wiles,Sean,Wiles
558,North Carolina State (NC State Alpha),Blake Stratton,Blake,Stratton
559,North Carolina State (NC State Alpha),Vincent Zhang,Vincent,Zhang
560,North Carolina State (NC State Alpha),Feliks Ciesielski,Feliks,Ciesielski
561,North Carolina State (NC State Alpha),Zac Kuelz,Zac,Kuelz
562,North Carolina State (NC State Alpha),Daniel Ferriter,Daniel,Ferriter
563,North Carolina State (NC State Alpha),Sathvik Avulapati,Sathvik,Avulapati
564,North Carolina State (NC State Alpha),Will Scudder,Will,Scudder
565,North Carolina State (NC State Alpha),Ari Izzo,Ari,Izzo
566,North Carolina State (NC State Alpha),Jack Hartingh,Jack,Hartingh
567,North Carolina State (NC State Alpha),Nathan Khot,Nathan,Khot
